{"train/return":1.1689765453338623,"losses/entropy":14.68769645690918,"train/success_once":0,"losses/explained_variance":-5.694419860839844,"_runtime":25.529082987,"time/rollout_fps":24507.097161023754,"losses/old_approx_kl":0.013447039760649204,"_wandb":{"runtime":25},"losses/value_loss":0.009145759977400303,"eval/return":1.3966212272644043,"train/episode_len":100,"eval/success_at_end":0,"eval/episode_len":100,"_timestamp":1.7352068956455972e+09,"losses/clipfrac":0.11457275390625,"_step":204800,"charts/learning_rate":0.0003,"time/step":204800,"time/rollout_time":8.356762886047363,"losses/policy_loss":-0.04496762901544571,"time/update_time":4.459009885787964,"train/reward":0.011689765378832817,"losses/approx_kl":0.014053801074624062,"eval/reward":0.013966212049126625,"eval/success_once":0,"charts/SPS":9520}